prompt,base,finetuned
Giải thích khái niệm machine learning cho người mới bắt đầu.,"Máy học là một lĩnh vực của trí tuệ nhân tạo tập trung vào việc phát triển các thuật toán và mô hình toán học có thể học và cải thiện hiệu suất dựa trên dữ liệu. Mô hình máy học được cung cấp với dữ liệu và mục tiêu, và thông qua việc tìm hiểu và phát hiện các mẫu và quy luật trong dữ liệu, mô hình có thể dự đoán kết quả tương tự cho dữ liệu mới. Ví dụ: nếu bạn đang xây dựng một mô hình máy học để","Machine learning là một lĩnh vực của khoa học máy tính và trí tuệ nhân tạo mà máy học được các quy tắc và quy luật từ dữ liệu. Điều này cho phép máy tính tự động cải thiện hiệu suất trên một nhiệm vụ cụ thể thông qua các mẫu và dữ liệu được cung cấp cho chúng. Trong khi chương trình truyền thống được thiết kế để hoàn thành một nhiệm vụ cụ thể bằng cách sử dụng thuật toán cố định, máy học sử dụng d"
Viết đoạn code Python tính số Fibonacci thứ n.,"Dưới đây là một ví dụ về cách sử dụng các hàm để tính số Fibonacci thứ n trong Python: ``` python def fibonacci(n): if n == 0: return 0 elif n == 1: return 1 else: return fibonacci(n-1) + fibonacci(n-2) n = 10 # Thay giá trị n cần tính vào đây print(fibonacci(n)) ``` Trong ví dụ này, `n` là vị trí của số Fibonacci cần tính. Ví dụ, nếu `n = 10`, thì hàm trả về giá trị 55, vì 55 là số Fibonacci thứ ","Đây là một đoạn code Python tính số Fibonacci thứ n: ```python def fibonacci(n): if n <= 0: return 0 elif n == 1: return 1 else: return fibonacci(n-1) + fibonacci(n-2) # Sử dụng hàm để tính số Fibonacci thứ 10 result = fibonacci(10) print(result) ``` Trong đó, `n` là số Fibonacci cần tính. Trong ví dụ trên, `n` được đặt là 10, vì vậy kết quả được tính là số Fibonacci thứ 10. Lưu ý rằng thuật toán "
Liệt kê 5 nguyên tắc thiết kế UI/UX.,"1. Người dùng là trung tâm: Một thiết kế UI/UX hiệu quả phải tập trung vào trải nghiệm người dùng và đảm bảo dễ sử dụng, thân thiện và dễ tiếp cận. 2. Dễ sử dụng và thân thiện: Một thiết kế UI/UX tốt phải dễ sử dụng, thân thiện và dễ tiếp cận, cho phép người dùng nhanh chóng tìm thấy và tương tác với các chức năng và nội dung của sản phẩm. 3. Đa dạng và khả năng tiếp cận: Thiết kế UI/UX phải được ","1. Người dùng trung tâm: Thiết kế UI/UX cần tập trung vào người dùng để đảm bảo trải nghiệm người dùng mượt mà và dễ sử dụng. 2. Phù hợp: Thiết kế UI/UX phải phù hợp với đối tượng mục tiêu của bạn, điều này có nghĩa là nó phải dễ hiểu, dễ sử dụng và có thể tương tác được. 3. Đa dạng: Thiết kế UI/UX cần đảm bảo trải nghiệm người dùng của tất cả mọi người, không chỉ những người có điều kiện đặc biệt"
Tóm tắt sự khác biệt giữa LoRA và QLoRA.,LoRA và QLoRA là những kỹ thuật được sử dụng trong lĩnh vực học máy để giảm kích thước mô hình mà không làm mất hiệu suất. LoRA (Linearly Trained Low-Rank Adaptation) là một kỹ thuật huấn luyện mô hình bằng cách sử dụng các ma trận thấp và được chứng minh có thể cung cấp hiệu suất tốt với kích thước mô hình nhỏ hơn. LoRA huấn luyện các ma trận có kích thước thấp để sửa đổi các trọng số của mô hình,"LoRA (Low-Rank Adaptation) và QLoRA (Quantized LoRA) là hai phương pháp khác nhau để huấn luyện các mô hình ngôn ngữ chuyển đổi (transformer) có kích thước nhỏ hơn. LoRA là một phương pháp cho phép các mô hình chuyển đổi được huấn luyện để thích nghi với dữ liệu mới bằng cách chỉ cập nhật các phần nhỏ của mô hình. Cụ thể, nó thay đổi các ma trận tuyến tính trong mô hình để tạo ra các bản sao có kí"
"Phân biệt prompt engineering, RAG, và fine-tuning.","Prompt engineering là quá trình thiết kế và tối ưu hóa các câu lệnh đầu vào để hiệu quả tương tác với các hệ thống máy học có học sâu (ML) hoặc hệ thống AI. Điều này bao gồm việc tạo ra câu lệnh rõ ràng, cụ thể, dễ hiểu và có thể được hiểu bởi hệ thống học sâu. Prompt engineering được sử dụng để cải thiện độ chính xác, độ tin cậy và hiệu quả của hệ thống học sâu, đặc biệt là khi chúng được sử dụng","Prompt engineering là kỹ thuật thiết kế và tạo prompt để tương tác với AI và có được kết quả mong muốn. Điều này thường liên quan đến việc sử dụng ngôn ngữ, cấu trúc và ngữ cảnh thích hợp để đưa ra prompt rõ ràng và dễ hiểu. RAG (Retrieval-Augmented Generation) là một phương pháp học máy cho phép hệ thống AI sử dụng kết quả thu được từ việc truy vấn cơ sở dữ liệu lớn để hỗ trợ quá trình tạo prompt"
Khi nào nên dùng RAG thay vì fine-tuning?,"RAG và fine-tuning là hai kỹ thuật khác nhau được sử dụng để huấn luyện mô hình ngôn ngữ máy tính. Tuy nhiên, chúng có mục đích và quy trình huấn luyện khác nhau. RAG (Retrieval-Augmented Generation) là một phương pháp sử dụng các mô hình ngôn ngữ máy tính để tạo ra văn bản, đồng thời sử dụng kỹ thuật tìm kiếm để thu thập thông tin bổ sung từ nguồn tin cậy. Khi bạn cần mô hình tạo ra văn bản có li",RAG (Retrieval-Augmented Generation) và fine-tuning là hai kỹ thuật khác nhau được sử dụng trong AI để cải thiện hiệu suất của các mô hình ngôn ngữ. RAG là một phương pháp cho phép mô hình có thể truy cập vào các nguồn thông tin bên ngoài để tìm kiếm và sử dụng thông tin liên quan trong quá trình tạo văn bản. Nó phù hợp với các trường hợp sử dụng khi mô hình cần truy cập vào thông tin cụ thể hoặc 
Giải thích cách hoạt động của Flash Attention.,"Flash Attention là một kỹ thuật học máy được sử dụng để cải thiện hiệu suất của các mô hình học máy học, đặc biệt là các mô hình máy học ngôn ngữ. Nó được phát triển để giải quyết một số vấn đề của kỹ thuật chú ý thông thường, trong đó tính toán chú ý có thể bị chậm và tốn kém. Flash Attention hoạt động bằng cách sử dụng một kỹ thuật được gọi là ""phép tính phép chú ý chớp nhoáng"" để giảm thời gian","Flash Attention là một kỹ thuật trong lĩnh vực học máy và trí tuệ nhân tạo được phát triển để giảm thời gian tính toán của quá trình attentiveness trong các mô hình ngôn ngữ, đặc biệt là trong các mô hình ngôn ngữ có kích thước lớn như Transformers. Nó được phát triển như một cách để giảm thiểu thời gian tính toán của quá trình attentiveness trong mô hình, mà thường có thể chiếm phần lớn thời gian"
List 3 câu hỏi phỏng vấn cho ML Engineer junior.,"1. Bạn có thể giải thích về kiến ​​thức của bạn trong các thuật toán học máy như Naive Bayes, Random Forest và Support Vector Machines không? 2. Bạn có thể giải thích về quá trình huấn luyện và đánh giá mô hình học máy không? 3. Bạn có thể giải thích về các kỹ thuật thu thập dữ liệu, tiền xử lý dữ liệu và thu thập dữ liệu không?",1. Bạn có thể giải thích thuật toán hồi quy tuyến tính không? 2. Bạn có thể giải thích phân loại và cách phân loại được sử dụng trong AI không? 3. Bạn có thể giải thích các kỹ thuật chia tập dữ liệu được sử dụng để huấn luyện và kiểm tra mô hình không?
Cho biết ưu điểm của Transformer so với RNN.,"Transformers và RNNs (mạng lưới kinh nghiệm) là hai loại mô hình học sâu được sử dụng phổ biến cho các nhiệm vụ xử lý ngôn ngữ tự nhiên (NLP). Mặc dù cả hai đều có thể học các mô hình dự đoán dựa trên ngữ cảnh, nhưng Transformers và RNNs có những điểm khác biệt quan trọng về kiến trúc và cách xử lý dữ liệu. Transformers được cho là có ưu điểm hơn so với RNNs trong các nhiệm vụ xử lý ngôn ngữ tự nh",Transformers và RNN (Mạng Mạng Mạng Mạng Mạng Mạng Mạng Mạng Mạng Mạng Mạng Mạng Mạng Mạng Mạng Mạng Mạng Mạng Mạng Mạng Mạng Mạng Mạng Mạng Mạng Mạng Mạng Mạng Mạng Mạng Mạng Mạng Mạng Mạng Mạng Mạng Mạng Mạng Mạng Mạng Mạng Mạng Mạng Mạng Mạng Mạng Mạng Mạng Mạng Mạng Mạng Mạng Mạng Mạng Mạng Mạng Mạng Mạng Mạng Mạng Mạng Mạng Mạng Mạng Mạng Mạng Mạng Mạng Mạng Mạng Mạng Mạng Mạng Mạng Mạng Mạng
Cách evaluate performance của một LLM fine-tuned model?,"Đánh giá hiệu suất của một LLM fine-tuned model đòi hỏi phải thực hiện một số bước sau: 1. Định nghĩa các chỉ số đánh giá: Trước tiên, bạn cần xác định các chỉ số đánh giá mà bạn muốn sử dụng để đánh giá hiệu suất của mô hình. Một số chỉ số thường được sử dụng là độ chính xác, độ chính xác, độ chính xác và độ trễ, độ chính xác trung bình. 2. Phân loại tập dữ liệu: Tiếp theo, bạn cần phân loại tập ",Mô hình LLM được tinh chỉnh có thể được đánh giá bằng nhiều phương pháp khác nhau. Một số phương pháp thường được sử dụng bao gồm: 1. Độ chính xác: Độ chính xác được tính bằng số lượng câu trả lời đúng chia cho tổng số câu trả lời. Đây là một chỉ số đơn giản để đánh giá hiệu suất của mô hình. 2. Độ chính xác trung bình: Độ chính xác trung bình là độ chính xác trung bình của mô hình trên các lớp. Đ
